excavation,manuscript,house,start_wide,end_wide,start_narrow,end_narrow,total_amount,letter_type,high_society,time,description
Неревский,98/100,(усадьба Д),1285.0,1380,1343,1354,,письма,,"вероятно, сер. XIV в.: стратигр. 40-е — 70-е гг. XIV в. предпочт. кон. XIII – сер. XIV в.",От Онуфрия к посаднику Онсифору (о рабыне и холопе)
Неревский,185/184,"(мостовая между усадьбами И, К)",1370.0,1390,1360,1380,,письма,,70-е – нач. 80-х гг. XIV в. -,Фрагмент коллективного письма к Захарии и Дмитру
Неревский,192/191,"(мостовая между усадьбами Д, И, усадьба И)",1300.0,1320,1300,1320,,письма,,1300-е – нач. 1310-х гг. -,Фрагмент хозяйственных распоряжений
Неревский,212/214/216/217,"(частокол между усадьбами К и *, усадьба К)",1250.0,1299,1240,1260,,деловые записи,,сер. – 3 четв. XIII в. сер. – 2 пол. XIII в.,Фрагменты долгового списка
Неревский,259/265,(усадьба Е),1380.0,1410,1360,1380,,письма,,1380-е – 1400-е гг. [предпочт. не позднее конца XIV в.] -,От Григория к Домне (хозяйственные распоряжения)
Неревский,261/262/263/264,(усадьба Е),1340.0,1400,1360,1380,,деловые записи,,70-е – 90-е гг. XIV в. 40-е – 70-е гг.[предпочт. не ранее 60-х] XIV в.,Грамота с упоминанием Онании Курицкого — список свадебных даров
Неревский,275/266,(усадьба Е),1340.0,1390,1360,1380,,письма,,70-е – нач. 80-х гг. XIV в. 40-е – 70-е гг. XIV в.,От Сидора к Григорию (хозяйственные распоряжения)
Неревский,320/337,(усадьба Д),1300.0,1340,1300,1320,,деловые записи,,10-е – 30-е гг. XIV в. первое 20-летие XIV в.,Список крестьянских повинностей (фрагмент реестра)
Неревский,339/341,(усадьба Д),1380.0,1400,1380,1400,,официальные документы,,80-е – 90-е гг. XIV в. -,Завещание Родивача (в виде письма к посаднику)
Неревский,1,"(мостовая между усадьбами А, Б)",1370.0,1410,1380,1400,,деловые записи,,70-е – 90-е гг. XIV в. [предпочт. не ранее 80-х] 1380-е – 1400-е гг. [предпочт. не позднее конца XIV в.],Роспись доходов с нескольких сел
Неревский,2,(усадьба А),,1390,1360,1380,,деловые записи,,40-е – нач. 80-х гг. XIV в. -,Роспись пушного оброка
Неревский,3,(усадьба Б),1340.0,1400,1360,1380,,письма,,40-е - нач. 80-х гг. XIV в. предпочт. 60-е – 90-е гг. XIV в.,От Григши к Есифу (о варке пива)
Неревский,4,(усадьба А),1310.0,1370,1320,1340,,письма,,10-е – 60-е гг. XIV в. -,Фрагмент письма от Микиты к Черту
Неревский,5,(усадьба Б),1310.0,1380,1320,1340,,письма,,10-е – 60-е гг. XIV в. 20-е – 70-е гг. [предпочт. не ранее 40-х] XIV в.,От Давыда и Есифа к Матфею (просьба защитить крестьянина от закабаления)
Неревский,6,(усадьба А),1310.0,1340,1300,1320,,письма,,10-е – 30-е гг. XIV в. -,Фрагмент письма от Филипа
Неревский,7,(усадьба Б),1175.0,1225,1200,1220,,письма,,посл. четв. XII – 1 четв. XIII в. [предпочт. не ранее конца XII в.] -,Фрагмент распоряжений сборщикам податей
Неревский,8,"(мостовая между усадьбами А, Б)",1160.0,1225,1180,1200,,письма,,посл. четв. XII – 1 четв. XIII в. [предпочт. посл. четв. XII]. 60-е – 90-е гг. XII в.,От Семнуновой (?) жены к Игучку (о выкупе коровы)
Неревский,9,(усадьба Б),1130.0,1200,1160,1180,,письма,,сер. 30-х – сер. 70-х гг. [предпочт. не ранее 60-х] XII в. 60-е – 90-е гг. XII в.,От Гостяты к Василю (жалоба прогнанной мужем жены)
Неревский,10,(усадьба А),1340.0,1400,1360,1380,,церковные тексты,,40-е – нач. 80-х гг. XIV в. 60-е – 90-е гг. [предпочт. не позднее 70-х] XIV в.,Загадка о Ноевом ковчеге
Неревский,11,(усадьба А),1430.0,1450,1430,1450,,письма,,30-е – сер. 40-х гг. XV в. -,От Смёшка к Фоме (о таганах и казане)
Неревский,12,(усадьба В),1430.0,1450,1430,1450,,ярлычки,,30-е – сер. 40-х гг. XV в. -,Ярлычок с именем Сидора
Неревский,13,"(мостовая между усадьбами А, Б, В, Г)",1430.0,1450,1430,1450,,-,,30-е – сер. 40-х гг. XV в. -,-
Неревский,14,(усадьба А),1420.0,1430,1420,1430,,письма,,20-е гг. XV в. -,От Фомы к Есифу (о судебном деле с Саввой)
Неревский,15,(усадьба А),1410.0,1430,1410,1420,,письма,,10-е– нач. 20-х гг. XV в. -,От Нестерка к Ивану Борисовичу
Неревский,16,"(мостовая между усадьбами А, Б)",1400.0,1430,1410,1420,,письма,,1400-е – нач. 20-х гг. XV в. -,Фрагмент письма с упоминанием крестьян-страдников
Неревский,17,(усадьба А),1380.0,1449,1410,1420,,письма,,10-е – нач. 20-х гг. XV в. 1380-е гг. – 1 пол. XV в. [предпочт. не ранее начала XV в.],От Михайлы к Тимофею (просьба отдать распоряжение о начале сева)
Неревский,18,(усадьба А),1410.0,1430,1410,1420,,письма,,10-е – нач. 20-х гг. XV в. -,Фрагмент письма к господину о крестьянском переходе
Неревский,19,(усадьба Б),1380.0,1449,1410,1420,,письма,,"20-е гг. XV в. 1380-е гг. – 1 пол. XV в., предпочт. не ранее начала XV в.",О годовом поминании по отцу и о предстоящей поездке на Водлу
Неревский,20,(усадьба Б),1380.0,1400,1380,1400,,письма,,80-е – 90-е гг. XIV в. -,Фрагмент (хозяйственные дела)
Неревский,21,(усадьба А),1410.0,1430,1410,1420,,письма,,10-е – нач. 20-х гг. XV в. -,К ткачихе о присылке вытканной холстинки
Неревский,22,(усадьба А),1380.0,1410,1380,1400,,письма,,1380-е – 1400-е гг. [предпочт. 1400-е гг.]. 1380-е – 1400-е гг. [предпочт. не позднее конца XIV в.],От Лёнтия (о зерне)
Неревский,23,(усадьба В),1385.0,1410,1400,1410,,письма,,кон. XIV в. – 1400-е гг. -,От Карпа к Фоме (сообщение о разделе ржи)
Неревский,24,(усадьба А),1380.0,1410,1400,1410,,письма,,1380-е – 1400-е гг. [предпочт. 1400-е гг.] -,«с человеком грамотку пришли тайно»
Неревский,25,(усадьба В),1385.0,1410,1400,1410,,письма,,кон. XIV в. – 1400-е гг. -,Указания в связи с предстоящим судом по поводу краденого коня
Неревский,26,(усадьба В),1380.0,1400,1380,1400,,письма,,80-е – 90-е гг. XIV в. -,Фрагмент письма от Онтана к господину
Неревский,27,(усадьба В),1380.0,1400,1380,1400,,письма,,80-е – 90-е гг. XIV в. -,От Фалея к Есифу (указания по поводу посланной ранее грамоты)
Неревский,28,"(мостовая между усадьбами Б, В)",1385.0,1410,1400,1410,,официальные документы,,кон. XIV в. – 1400-е гг. -,Фрагмент завещания
Неревский,29,(усадьба Б),1385.0,1410,1400,1410,,фрагменты,,кон. XIV в. – 1400-е гг. -,Фрагмент неопределенного содержания
Неревский,30,(усадьба В),1340.0,1390,1360,1380,,письма,,70-е – нач. 80-х гг. XIV в. предпочт. 40-е – 70-е гг. XIV в.,От Якова к Ивану (отказ выступить свидетелем в пользу Ивана)
Неревский,31,(усадьба Б),1340.0,1370,1340,1360,,письма,,40-е – 60-е гг. XIV в. -,Обязательство крестьян доставлять куницу (подать)
Неревский,32,(усадьба В),1340.0,1370,1340,1360,,письма,,40-е – 60-е гг. XIV в. -,От Фешка к Юргию (просьба прислать соль)
Неревский,33,(усадьба Б),1380.0,1400,1380,1400,,фрагменты,,80-е – 90-е гг. XIV в. -,"Фрагмент с упоминанием обиды, нанесенной Давыду"
Неревский,34,"(мостовая между усадьбами А, Б)",1370.0,1390,1340,1360,,письма,,70-е – нач. 80-х гг. XIV в. -,Фрагмент челобитной
Неревский,35,"(мостовая между усадьбами А, Б)",1370.0,1390,1360,1380,,фрагменты,,70-е – нач. 80-х гг. XIV в. -,Фрагмент неопределенного содержания
Неревский,36,(усадьба Г),1370.0,1390,1360,1380,,деловые записи,,70-е – нач. 80-х гг. XIV в. -,Фрагмент долгового списка
Неревский,37,(усадьба А),1370.0,1390,1360,1380,,письма,,70-е – нач. 80-х гг. XIV в. -,Фрагмент письма Ивана
Неревский,38,(усадьба А),1380.0,1400,1380,1400,,письма,,80-е – 90-е гг. XIV в. -,Фрагмент письма
Неревский,39,(усадьба А),1380.0,1400,1380,1400,,письма,,80-е – 90-е гг. XIV в. -,Фрагмент: «…Федорко в городе…»
Неревский,40,(усадьба А),1410.0,1430,1410,1420,,письма,,10-е – нач. 20-х гг. XV в. -,Фрагмент с упоминанием «берёста»
Неревский,41,(усадьба В),1340.0,1370,1340,1360,,письма,,40-е – 60-е гг. XIV в. -,Фрагмент челобитной
Неревский,42,(усадьба Г),1380.0,1400,1380,1400,,официальные документы,,80-е – 90-е гг. XIV в. не ранее 80-х гг. XIV в. [предпочт. не позднее конца века],Завещание Михаля
Неревский,43,(усадьба А),1380.0,1400,1380,1400,,письма,,80-е – 90-е гг. XIV в. не позднее конца XIV в.,От Бориса к Настасье (просьба прислать слугу и с ним рубаху)
Неревский,44,"(мостовая между усадьбами А, Г)",1370.0,1390,1360,1380,,письма,,70-е – нач. 80-х гг. XIV в. -,"Фрагмент с упоминанием Прокла, Наума и Леновихта, крестоцелования и побега к немцам"
Неревский,45,"(мостовая между усадьбами А, Б)",1310.0,1340,1320,1340,,официальные документы,,10-е – 30-е гг. XIV в. -,Договор Бобра с Семеном об условиях займа
Неревский,46,"(мостовая между усадьбами Б, В)",1310.0,1340,1320,1340,,литературные и фольклорные тексты,,10-е – 30-е гг. XIV в. -,Школьная шутка
Неревский,47,"(мостовая между усадьбами А, Г)",1310.0,1340,1320,1340,,ярлычки,,10-е – 30-е гг. XIV в. -,Запись неясного содержания
Неревский,48,(усадьба Б),1310.0,1340,1320,1340,,деловые записи,,10-е – 30-е гг. XIV в. -,Фрагмент долговой записи
Неревский,49,(усадьба Г),1350.0,1449,1410,1420,,письма,,нет 2 пол. XIV – 1 пол. XV в. [предпочт. не ранее 1480-х гг.],От Настасьи к братьям (сообщение о смерти Бориса)
Неревский,50,(усадьба А),1285.0,1390,1360,1380,,деловые записи,,"70-е – нач. 80-х гг. XIV в. кон. XIII –70-е гг. XIV в., с некоторым предпочтением к 1 пол. XIV в.",Долговой список
Неревский,51,(усадьба Б),1300.0,1320,1300,1320,,деловые записи,,1300-е – нач. 1310-х гг. -,Фрагмент списка
Неревский,52,(усадьба Б),1260.0,1280,1260,1280,,деловые записи,,кон. 60-х – 70-е гг. XIII в. -,Фрагмент с упоминанием Кокшенги
Неревский,53,(усадьба А),1310.0,1340,1320,1340,,письма,,10-е – 30-е гг. XIV в. не ранее 20-х гг. XIV в.,От Петра к Марье (просьба прислать копию грамоты о покупке пожни)
Неревский,54,"(мостовая между усадьбами А, Г)",1310.0,1340,1320,1340,,деловые записи,,10-е – 30-е гг. XIV в. -,Фрагмент списка
Неревский,55,(усадьба А),1300.0,1320,1300,1320,,письма,,1300-е – нач. 1310-х гг. -,Фрагмент письма с упоминанием «дворней грамоты»
Неревский,56,(усадьба В),1233.0,1266,1240,1260,,деловые записи,,2 треть XIII в. -,Фрагмент с упоминанием водмола
Неревский,57,(усадьба А),1310.0,1340,1320,1340,,фрагменты,,10-е – 30-е гг. XIV в. -,Фрагмент (денежные дела)
Неревский,58,(усадьба А),1310.0,1340,1320,1340,,ярлычки,,10-е – 30-е гг. XIV в. -,Ярлычок («Маремьяне»)
Неревский,59,(усадьба Г),1310.0,1340,1320,1340,,письма,,10-е – 30-е гг. XIV в. предпочт. 20-е – 30-е гг. XIV в.,От Омросии к Степану (денежные дела)
Неревский,60,(усадьба А),1340.0,1370,1340,1360,,фрагменты,,40-е – 60-е гг. XIV в. -,Фрагмент неопределенного содержания
Неревский,61,(усадьба В),1233.0,1266,1240,1260,,письма,,2 треть XIII в. 40-е – 50-е гг. XIII в.,Хозяйственные указания
Неревский,62,(усадьба Б),1280.0,1300,1280,1300,,церковные тексты,,80-е – 90-е гг. XIII в. -,Фрагмент с упоминанием дня св. Евгении
Неревский,63,(усадьба Б),1220.0,1299,1280,1300,,фрагменты,,посл. 20-летие XIII в. -,Фрагмент неопределенного содержания
Неревский,64,(усадьба Г),1280.0,1300,1280,1300,,фрагменты,,80-е – 90-е гг. XIII в. -,Фрагмент неопределенного содержания
Неревский,65,(усадьба Б),1220.0,1330,1300,1320,,письма,,посл. 20-летие XIII в. первое 20-летие XIV в.,От Матфея к Есифу Давидову (хозяйственные поручения)
Неревский,66,(усадьба А),1340.0,1370,1340,1360,,письма,,40-е – 60-е гг. XIV в. -,Фрагмент письма
Неревский,67,(усадьба Б),1300.0,1330,1300,1320,,письма,,1300-е — нач. 1310-х гг. первое 20-летие XIV в.,От Якова к Василию и Васильевой жене (жалоба на бесчестье от Жирослава)
Неревский,68,(усадьба В),1240.0,1280,1240,1260,,письма,,"кон. 60-х – 70-е гг. XIII в. 40-е – 50-е гг. XIII в., ",Торговые указания
Неревский,69,(усадьба Г),1280.0,1320,1280,1300,,письма,,80-е гг. XIII в. – нач. 1310-х гг. 80-е – 90-е гг. XIII в.,От Терентия к Михалю (просьба прислать Терентию лошадь в Ярославль)
Неревский,70,(усадьба Г),1280.0,1300,1280,1300,,фрагменты,,80-е – 90-е гг. XIII в. -,Фрагмент: «Хрестьянова жена»
Неревский,71,(усадьба Б),1250.0,1275,1260,1280,,деловые записи,,сер. – 3 четв. XIII в. -,Запись об Ильдатином селище
Неревский,72,"(мостовая между усадьбами Б, В)",1260.0,1280,1260,1280,,фрагменты,,кон. 60-х – 70-е гг. XIII в. -,"Фрагмент: «Иванко, сын Демьянко»"
Неревский,73,(усадьба Б),1220.0,1240,1220,1240,,деловые записи,,20-е – 30-е гг. XIII в. -,Долговая запись
Неревский,74,(усадьба В),1185.0,1225,1200,1220,,учебные тексты,,кон. XII – 1 четв. XIII в. -,Фрагмент азбуки
Неревский,75,"(мостовая между усадьбами Б, В)",1185.0,1225,1200,1220,,деловые записи,,кон. XII – 1 четв. XIII в. -,Фрагмент деловой записи
Неревский,76,(усадьба Б),1185.0,1225,1200,1220,,фрагменты,,кон. XII – 1 четв. XIII в. -,Фрагмент с упоминанием наемного работника
Неревский,77,(усадьба Б),1185.0,1225,1200,1220,,фрагменты,,кон. XII – 1 четв. XIII в. -,Фрагмент неопределенного содержания
Неревский,78,(усадьба Б),1160.0,1180,1160,1180,,письма,,60-е – 70-е гг. XII в. -,Наказ забрать у Тимошки конское снаряжение и деньги за коня
Неревский,79,(усадьба Б),1175.0,1199,1180,1200,,ярлычки,,посл. четв. XII в. -,Ярлычок: «А водаи Михалеви»
Неревский,80,(усадьба Б),1175.0,1199,1160,1180,,письма,,"посл. четв. XII в. [реально, по-видимому, не позднее 1175 г.] -",Фрагмент письма к Иванку
Неревский,81,(усадьба Б),1160.0,1180,1160,1180,,фрагменты,,60-е – 70-е гг. XII в. -,Фрагмент неопределенного содержания
Неревский,82,(усадьба Б),1175.0,1199,1180,1200,,письма,,посл. четв. XII в. -,От Творимира к Фоме (деловые поручения)
Неревский,83,(усадьба Б),1175.0,1199,1100,1120,,фрагменты делового содержания,,посл. четв. XII в. -,Фрагмент долговой записи
Неревский,84,(усадьба Б),1110.0,1140,1120,1140,,письма,,сер. 10-х – сер. 30-х гг. XII в. -,От Твердяты к Зуб(е)рю
Неревский,85,(усадьба А),1160.0,1180,1220,1240,,varia,,60-е – 70-е гг. XII в. -,Бессмысленный набор букв
Неревский,86,(усадьба Б),1160.0,1180,1160,1180,,ярлычки,,60-е – 70-е гг. XII в. -,«Лазоря»
Неревский,87,(усадьба А),1175.0,1199,1180,1200,,письма,,посл. четв. XII в. -,От попа Дрочки к Демьяну и другим
Неревский,88,(усадьба Б),1110.0,1140,1120,1140,,письма,,сер. 10-х – сер. 30-х гг. XII в. -,Фрагменты письма к Иванку и Петриле
Неревский,89,(усадьба Б),1070.0,1100,1075,1100,,ярлычки,,70-е — 90-е гг. XI в. -,Ярлычок с именем Симана
Неревский,90,(усадьба Г),1070.0,1100,1050,1075,,деловые записи,,70-е — 90-е гг. XI в. -,Фрагмент записи долгов или выплат
Неревский,91,(усадьба Е),1370.0,1390,1360,1380,,письма,,70-е – нач. 80-х гг. XIV в. -,Начало письма от Ларьяна к Максиму (Онцифоровичу)
Неревский,92,(усадьба Б),1340.0,1370,1340,1360,,деловые записи,,40-е – 60-е гг. XIV в. -,Роспись оброка
Неревский,93,(усадьба Б),1340.0,1370,1340,1360,,письма,,40-е – 60-е гг. XIV в. -,Недописанная грамота («Приказ от Микулы…»)
Неревский,94,(усадьба Б),1400.0,1430,1400,1410,,письма,,нет предпочт. первое 20-летие XV в.,От крестьян к Юрию Онцифоровичу (жалоба на ключника)
Неревский,95,"(мостовая между усадьбами Д, Е)",1310.0,1340,1320,1340,,фрагменты,,10-е — 30-е гг. XIV в. -,Фрагмент с упоминанием извещения
Неревский,96,(усадьба Д),1410.0,1430,1410,1420,,письма,,10-е – нач. 20-х гг. XV в. -,Фрагмент письма с упоминанием «безземников»
Неревский,97,(усадьба Д),1400.0,1427,1410,1420,,письма,,"1400-е – 1410-е гг. [предпочт. 1410-е], реально до 1417 г. -",Начало челобитной Юрию Онцифоровичу
Неревский,99,(усадьба Д),1340.0,1370,1340,1360,,письма,,40-е – 60-е гг. XIV в. -,От Кирика к Онцифору (о сборе оброка и недоимок)
Неревский,101,(усадьба Д),1340.0,1370,1340,1360,,письма,,40-е – 60-е гг. XIV в. -,Фрагмент письма к Онцифору Лукиничу
Неревский,102,(усадьба Д),1320.0,1380,1340,1360,,письма,,40-е – 60-е гг. XIV в. 20-е – 70-е гг. XIV в. [предпочт. не ранее 40-х],"Письмо от управляющего, возможно, к Онцифору Лукиничу (об условиях перехода крестьян в Олександров погост)"
Неревский,103,(усадьба Е),1185.0,1225,1200,1220,,письма,,кон. XII – 1 четв. XIII в. -,Фрагмент письма от Завида
Неревский,104,(усадьба Д),1370.0,1390,1360,1380,,письма,,70-е – нач. 80-х гг. XIV в. -,Конец письма к господину
Неревский,105,(усадьба Е),1160.0,1200,1160,1180,,письма,,60-е – 90-е гг. XII в. не позднее 70-х гг. XII в.,"Грамота с упоминанием Несды — От Семка к Кулотке (о деньгах, отданных во время поездки в Переяславль)"
Неревский,106,"(мостовая между усадьбами Д, Е)",1310.0,1340,1320,1340,,письма,,10-е – 30-е гг. XIV в. -,Фрагмент: «От посадника…»
Неревский,107,(усадьба Д),1175.0,1199,1180,1200,,письма,,посл. четв. XII в. -,Фрагмент письма
Неревский,108,(усадьба Д),1185.0,1225,1200,1220,,деловые записи,,кон. XII – 1 четв. XIII в. -,Фрагмент записи товаров с ценами
Неревский,109,(усадьба Д),1085.0,1130,1100,1120,,письма,,кон. XI – сер. 10-х гг. XII в. первое 20-летие XII в.,От Жизномира к Микуле (дело о покупке краденой рабыни)
Неревский,110,(усадьба Д),1310.0,1340,1240,1260,,ярлычки,,10-е — 30-е гг. XIV в. -,Ярлычок «… серебро»
Неревский,111,(усадьба Д),1233.0,1266,1240,1260,,письма,,2 треть XIII в. -,Фрагмент письма
Неревский,112,(усадьба Г),1185.0,1240,1200,1220,,письма,,кон. XII  – 1230-е гг. не позднее 1210-х гг.,К Флару (требование рассчитаться или ехать на суд в Новгород)
Неревский,113,(усадьба Г),1160.0,1200,1160,1180,,письма,,60-е – 90-е гг. XII в. -,От Чернека к Лудьславу
Неревский,114,(усадьба Ж),1185.0,1225,1200,1220,,письма,,кон. XII – 1 четв. XIII в. -,От Богши к Уйке
Неревский,115,(усадьба А),1175.0,1220,1180,1200,,письма,,посл. четв. XII в. 1180-е – 1210-е гг.,Письмо от Прокши к Нестеру (денежные дела)
Неревский,116,(усадьба Д),1185.0,1215,1200,1220,,ярлычки,,рубеж XII-XIII вв. -,«Олушева…» (владельческая надпись на берестяном туесе)
Неревский,117,(усадьба Ж),1130.0,1170,1160,1180,,письма,,"30-е – нач. 60-х гг. XII в. [реально, по-видимому, конец этого интервала] -",От Степана к Иванку
Неревский,118,(усадьба А),1180.0,1220,1180,1200,,письма,,нет 1180-е – 1210-е гг.,Письмо от Прокши к Нестеру (денежные дела)
Неревский,119,"(мостовая между усадьбами Д, Е)",1110.0,1140,1120,1140,,письма,,сер. 10-х – сер. 30-х гг. XII в. -,От Рознега (денежный отчет)
Неревский,120,"(мостовая между усадьбами А, Г)",1085.0,1120,1100,1120,,письма,,кон. XI – сер. 10-х гг. XII в. -,От Якима к Нестеру
Неревский,121,"(мостовая между усадьбами Д, Е)",1085.0,1120,1100,1120,,фрагменты,,кон. XI – сер. 10-х гг. XII в. -,Фрагмент неопределенного содержания
Неревский,122,(усадьба Б),1380.0,1449,1410,1420,,письма,,"10-е – нач. 20-х гг. XV в. 1380-е гг. – 1 пол. XV в., предпочт. не ранее начала XV в.",От Есифа к его брату Фоме (о спорном деле с Родиваном Падиногиным)
Неревский,123,"(мостовая между усадьбами А, Г)",1050.0,1075,1050,1075,,письма,,3 четв. XI в. -,Фрагменты письма
Неревский,124,(усадьба Б),1385.0,1410,1400,1410,,письма,,кон. XIV в. – 1400-е гг. -,Просьба прислать слугу и распоряжение о лодке
Неревский,125,(усадьба Б),1385.0,1410,1400,1410,,письма,,кон. XIV в. – 1400-е гг. -,От Марины к ее сыну Григорию (просьба купить ткань)
Неревский,126,(усадьба Б),1385.0,1410,1400,1410,,ярлычки,,кон. XIV в. – 1400-е гг. -,Ярлычок с упоминанием Микитина сына (и) Лашеня.
Неревский,127,(усадьба Б),1385.0,1410,1400,1410,,ярлычки,,кон. XIV в. – 1400-е гг. -,Надпись на берестяном поплавке
Неревский,128,(усадьба Б),1380.0,1400,1380,1400,,церковные тексты,,80-е – 90-е гг. XIV в. -,Фрагмент ирмоса
Неревский,129,(усадьба Б),1380.0,1449,1410,1420,,письма,,"80-е – 90-е гг. XIV в. 1380-е гг. – 1 пол. XV в., предпочт. не ранее начала XV в.","От Есифа к его брату Фоме (просьба прислать воску, мыла и овчин)"
Неревский,130,(усадьба Е),1380.0,1410,1360,1380,,деловые записи,,80-е гг. XIV в. – 1400-е гг. [предпочт. не позднее конца XIV в.] -,Реестр поставок домотканого сукна (по нескольким нас. пунктам Карелии)
Неревский,131,(усадьба Б),1360.0,1400,1360,1380,,письма,,70-е – нач. 80-х гг. XIV в. 60-е – 90-е гг. [предпочт. не позднее 70-х] XIV в.,Отчет сборщика податей
Неревский,132,(усадьба Б),1310.0,1340,1320,1340,,деловые записи,,10-е – 30-е гг. XIV в. -,Фрагмент долгового списка
Неревский,133,(усадьба Е),1370.0,1390,1360,1380,,письма,,70-е – нач. 80-х гг. XIV в. -,От Григория к Семену (торговые дела)
Неревский,134,(усадьба Б),1000.0,1500,1360,1380,,письма,,нет -,От Григория к Домне и Репеху (хозяйственные распоряжения)
Неревский,137,(усадьба Б),1300.0,1320,1300,1320,,официальные документы,,1300-е – нач. 1310-х гг. -,Фрагмент (судебные дела)
Неревский,138,(усадьба Б),1300.0,1330,1300,1320,,официальные документы,,1300-е — нач. 1310-х гг. первое 20-летие XIV в.,Завещание Селивестра
Неревский,139,(усадьба Е),1240.0,1280,1260,1280,,письма,,40-е – 70-е гг. XIII в. -,Фрагмент письма от Аврама к Вячку
Неревский,140,(усадьба Б),1310.0,1340,1320,1340,,письма,,10-е – 30-е гг. XIV в. не ранее 20-х гг. XIV в.,От Марка к Семену (просьба выступить свидетелем)
Неревский,141,(усадьба Б),1220.0,1299,1280,1300,,письма,,посл. треть XIII в. посл. 20-летие XIII в.,Документ об отдаче вещей на хранение
Неревский,142,(усадьба Б),1300.0,1330,1300,1320,,письма,,1300-е – нач. 1310-х гг. XIV в. первое 20-летие XIV в.,"От Есифа к Онфиму (о делах, связанных с покупкой села)"
Неревский,143,(усадьба Б),1240.0,1280,1260,1280,,ярлычки,,40-е – 70-е гг. XIII в. -,Ярлычок с упоминанием Заволочья
Неревский,144,(усадьба Б),1310.0,1340,1320,1340,,письма,,10-е – 30-е гг. XIV в. -,От Есифа к Косарику (распоряжение закупить сигов)
Неревский,145,(усадьба Б),1310.0,1340,1320,1340,,фрагменты,,10-е – 30-е гг. XIV в. -,Фрагмент неопределенного содержания
Неревский,146,(усадьба Б),1310.0,1340,1320,1340,,письма,,10-е – 30-е гг. XIV в. -,От Давыда к Матфею
Неревский,147,(усадьба Б),1200.0,1250,1220,1240,,письма,,20-е – 30-е гг. XIII в. первое 40-летие [предпочт. не ранее 20-х гг.] XIII в.,"От подвойского к Филиппу (заверение в том, что почестье будет хорошим)"
Неревский,148,(усадьба Б),1280.0,1300,1280,1300,,письма,,80-е – 90-е гг. XIII в. предпочт. то же время,От Иева к Прокопье (о денежных отношениях в связи с чьим-то завещанием)
Неревский,149,(усадьба Б),1280.0,1300,1280,1300,,фрагменты,,80-е – 90-е гг. XIII в. -,Фрагмент с упоминанием Домажира
Неревский,150,(усадьба Е),1175.0,1225,1180,1200,,письма,,посл. четв. XII – 1 четв. XIII в. [предпочт. посл. четв. XII] -,Фрагмент письма
Неревский,151,(усадьба Б),1220.0,1240,1220,1240,,деловые записи,,20-е – 30-е гг. XIII в. -,Фрагмент долговой записи
Неревский,152,(усадьба Е),1175.0,1225,1180,1200,,письма,,посл. четв. XII – 1 четв. XIII в. [предпочт. посл. четв. XII] -,Фрагмент письма от Афанаса
Неревский,153,(усадьба Е),1175.0,1225,1180,1200,,письма,,посл. четв. XII – 1 четв. XIII в. [предпочт. посл. четв. XII] -,"Указание купить лосиную шкуру у Фодора Уроки, живущего в Славне"
Неревский,154,(усадьба К),1420.0,1430,1420,1430,,официальные документы,,20-е гг. XV в. -,Протокол тяжбы Филиппа с Иваном Стойком
Неревский,155,(усадьба Е),1160.0,1200,1160,1180,,письма,,60-е – 90-е гг. XII в. предпочт. то же время,От Пол(о)чка (требование расплатиться и угроза)
Неревский,156,(усадьба Б),1130.0,1160,1140,1160,,письма,,сер. 30-х – 50-е гг. XII в. -,От Завида к жене и детям (о расправе над некоей женщиной)
Неревский,157,(усадьба И),1410.0,1430,1410,1420,,письма,,10-е – нач. 20-х гг. XV в. -,От крестьян-черенщан к Михаилу Юрьевичу (о починке двора)
Неревский,158,(усадьба Б),1130.0,1160,1140,1160,,фрагменты,,сер. 30-х – 50-е гг. XII в. -,Фрагмент с упоминанием Петровича
Неревский,159,(усадьба Е),1160.0,1180,1160,1180,,письма,,60-е – 70-е гг. XII в. -,Фрагмент письма от Клиши к Чудину
Неревский,160,(усадьба Б),1110.0,1160,1140,1160,,письма,,сер. 10-х – 50-е гг. XII в. XII в. [предпочт. не ранее 20-х гг.],От Василя к Ростиху (хозяйственные распоряжения)
Неревский,161,(усадьба И),1410.0,1430,1410,1420,,деловые записи,,10-е – нач. 20-х гг. XV в. 10-е – нач. 20-х гг. XV в.,Роспись хлебного оброка
Неревский,162,"(мостовая между усадьбами И, К)",1420.0,1430,1420,1430,,деловые записи,,20-е гг. XV в. -,Долговой список
Неревский,163,(усадьба Б),1175.0,1199,1180,1200,,письма,,посл. четв. XII в. -,От Демьяна к Д… (указание продать коня)
Неревский,164,(усадьба Б),1085.0,1140,1120,1140,,письма,,кон. XI – сер. 30-х гг. XII в. -,Фрагмент письма
Неревский,165,(усадьба Б),1175.0,1199,1180,1200,,письма,,посл. четв. XII в. -,От Михаля к Степану (о торговых делах)
Неревский,166,(усадьба Д),1385.0,1410,1400,1410,,письма,,кон. XIV в. – 1400-е гг. -,Фрагмент письма к господину
Неревский,167,"(мостовая между усадьбами Д, И)",1380.0,1400,1380,1400,,письма,,80-е – 90-е гг. XIV в. 80-е – 90-е гг. XIV в.,От мельника к Юрию Онцифорову (просьба прислать человека)
Неревский,168,(усадьба Б),1130.0,1160,1140,1160,,деловые записи,,сер. 30-х – 50-е гг. XII в. -,Фрагмент долгового списка
Неревский,169,(усадьба К),1360.0,1410,1400,1410,,деловые записи,,кон. XIV в. – 1400-е гг. не ранее 1360-х гг. [предпочт. не позднее 1400-х],Запись о сборе рыбного оброка
Неревский,170,(усадьба Б),1160.0,1180,1160,1180,,письма,,60-е – 70-е гг. XII в. -,Фрагмент письма (денежные дела)
Неревский,171,"(мостовая между усадьбами Д, И)",1370.0,1390,1360,1380,,письма,,70-е – нач. 80-х гг. XIV в. -,Фрагмент (денежные дела)
Неревский,172,"(мостовая между усадьбами Д, И)",1370.0,1390,1360,1380,,фрагменты,,70-е – нач. 80-х гг. XIV в. -,Фрагмент неопределенного содержания
Неревский,173,(усадьба К),1385.0,1410,1400,1410,,письма,,кон. XIV в. – 1400-е гг. -,От Панфила к Марку (?) и попу (просьба купить лампадного масла)
Неревский,174,(усадьба Б),1160.0,1180,1160,1180,,фрагменты,,60-е – 70-е гг. XII в. -,Фрагмент неопределенного содержания
Неревский,175,(усадьба Б),1130.0,1160,1140,1160,,письма,,сер. 30-х – 50-е гг. XII в. -,Фрагмент письма
Неревский,176,(усадьба Б),1130.0,1160,1140,1160,,письма,,сер. 30-х – 50-е гг. XII в. -,Фрагмент письма
Неревский,177,(усадьба И),1340.0,1370,1360,1380,,письма,,40-е – 60-е гг. XIV в. -,Письмо Максима Онцифоровича — От Максима к попу (деловое поручение)
Неревский,178,(усадьба К),1380.0,1400,1380,1400,,письма,,80-е – 90-е гг. XIV в. -,От Синофонта к Офоносу (Онцифоровичу) (о покупке земли и крестьян)
Неревский,179,(усадьба К),1380.0,1400,1380,1400,,деловые записи,,80-е – 90-е гг. XIV в. -,Фрагмент долгового списка
Неревский,180,(усадьба Д),1340.0,1370,1340,1360,,письма,,40-е – 60-е гг. XIV в. -,"Фрагмент, вероятно, челобитной Онцифору Лукиничу"
Неревский,181,(усадьба Б),1050.0,1075,1050,1075,,письма,,3 четв. XI в. -,От Дробна…(фрагмент письма)
Неревский,182,"(мостовая между усадьбами Е, К)",1370.0,1390,1360,1380,,письма,,70-е – нач. 80-х гг. XIV в. -,Фрагмент челобитной
Неревский,183,(усадьба К),1370.0,1390,1360,1380,,письма,,70-е – нач. 80-х гг. XIV в. -,Фрагмент письма
Неревский,186,(усадьба К),1370.0,1390,1360,1380,,письма,,70-е – нач. 80-х гг. XIV в. -,От Степана к Семенку (о взыскании долгов)
Неревский,187,"(мостовая между усадьбами И, К)",1340.0,1370,1360,1380,,письма,,40-е – 60-е гг. XIV в. -,Хозяйственное распоряжение
Неревский,188,"(мостовая между усадьбами И, К)",1310.0,1340,1320,1340,,фрагменты,,10-е — 30-е гг. XIV в. -,Фрагмент неопределенного содержания
Неревский,189,(усадьба К),1300.0,1320,1300,1320,,письма,,1300-е – нач. 1310-х гг. -,Фрагмент («От посадника…»)
Неревский,190,"(мостовая между усадьбами Е, К)",1300.0,1320,1300,1320,,фрагменты,,1300-е – нач. 1310-х гг. -,Фрагмент неопределенного содержания
Неревский,193,"(мостовая между усадьбами Е, К)",1300.0,1320,1360,1380,,письма,,1300-е – нач. 1310-х гг. -,Просьба о хозяйственном распоряжении
Неревский,195,(усадьба К),1300.0,1320,1300,1320,,письма,,1300-е – нач. 1310-х гг. -,От Олексея к Гавриле (о состоянии хлебов)
Неревский,196,(усадьба К),1300.0,1320,1300,1320,,письма,,1300-е – нач. 1310-х гг. не ранее нач. XIV в.,Указания по поводу оброка
Неревский,197,(усадьба Е),1267.0,1299,1280,1300,,официальные документы,,посл. треть XIII в. -,Фрагмент официального документа
Неревский,198,(усадьба К),1267.0,1299,1260,1280,,официальные документы,,посл. треть XIII в. не позднее 70-х гг. XIII в.,"Расписка в получении наследства Шибенца, выданная Храрю Семьюном"
Неревский,199,(усадьба И),1233.0,1266,1240,1260,,учебные тексты,,"вероятно, 2 треть XIII в. 40-е – 50-е гг. XIII в.","Грамота мальчика Онфима: рисунок, подпись к рисунку, склады"
Неревский,200,(усадьба И),1233.0,1266,1240,1260,,учебные тексты,,"вероятно, 2 треть XIII в. 40-е – 50-е гг. XIII в.","Грамота мальчика Онфима: рисунок, подпись к рисунку, начало азбуки"
Неревский,201,(усадьба И),1233.0,1266,1240,1260,,учебные тексты,,"вероятно, 2 треть XIII в. 40-е – 50-е гг. XIII в.",Грамота мальчика Онфима: склады
Неревский,202,(усадьба И),1233.0,1266,1240,1260,,учебные тексты,,"вероятно, 2 треть XIII в. 40-е – 50-е гг. XIII в.","Грамота мальчика Онфима: деловая запись, рисунок"
Неревский,203,(усадьба И),1233.0,1266,1240,1260,,учебные тексты,,"вероятно, 2 треть XIII в. 40-е – 50-е гг. XIII в.","Грамота мальчика Онфима: молитва, рисунок"
Неревский,204,(усадьба И),1233.0,1266,1240,1260,,учебные тексты,,"вероятно, 2 треть XIII в. 40-е – 50-е гг. XIII в.",Грамота мальчика Онфима: «якоже» + склады
Неревский,205,(усадьба И),1233.0,1266,1240,1260,,учебные тексты,,"вероятно, 2 треть XIII в. 40-е – 50-е гг. XIII в.",Грамота мальчика Онфима: азбука
Неревский,206,(усадьба И),1233.0,1273,1240,1260,,учебные тексты,,"вероятно, 2 треть XIII в. 40-е – 50-е гг. XIII в.; возможно, 1263 г.","Грамота мальчика Онфима: начало тропаря шестого часа, склады"
Неревский,207,(усадьба И),1233.0,1266,1240,1260,,учебные тексты,,"вероятно, 2 треть XIII в. 40-е – 50-е гг. XIII в.",Грамота мальчика Онфима: фрагменты литургических текстов
Неревский,208,(усадьба И),1233.0,1266,1240,1260,,церковные тексты,,"вероятно, 2 треть XIII в. 40-е – 50-е гг. XIII в.",Грамота мальчика Онфима: фрагмент литургического текста
Неревский,209,(усадьба Е),1385.0,1430,1410,1420,,ярлычки,,рубеж XIV-XV вв. — 10-е - 20-е гг. XV в. -,«Погородье» (ярлычок)
Неревский,210,(усадьба И),1233.0,1266,1240,1260,,учебные тексты,,"вероятно, 2 треть XIII в. 40-е – 50-е гг. XIII в.",Грамота мальчика Онфима: фрагмент рисунка с подписью
Неревский,211,(усадьба К),1250.0,1299,1240,1260,,деловые записи,,сер. – 3 четв. XIII в. сер. – 2 пол. XIII в.,Документ о денежных отношениях в связи с покосами и пашнями
Неревский,213,(усадьба К),1250.0,1299,1240,1260,,официальные документы,,сер. – 3 четв. XIII в. сер. – 2 пол. XIII в.,Память на Радослава (т. е. о его обязательствах) по поводу Местятки
Неревский,215,(усадьба К),1250.0,1299,1240,1260,,деловые записи,,сер. – 3 четв. XIII в. сер. – 2 пол. XIII в.,Долговой список
Неревский,218,(усадьба К),1250.0,1299,1240,1260,,деловые записи,,сер. – 3 четв. XIII в. сер. – 2 пол. XIII в.,Долговой список
Неревский,219,(усадьба К),1185.0,1230,1200,1220,,деловые записи,,кон. XII – 1 четв. XIII в. первое 20-летие XIII в.,Долговой список
Неревский,220,(усадьба К),1250.0,1299,1240,1260,,деловые записи,,сер. – 3 четв. XIII в. сер. – 2 пол. XIII в.,Долговой список
Неревский,221,(усадьба И),1233.0,1266,1240,1260,,письма,,2 треть XIII в. -,Фрагмент письма с распоряжениями
Неревский,222,(усадьба К),1185.0,1230,1200,1220,,письма,,кон. XII – 1 четв. XIII в. первое 20-летие XIII в.,Письмо к посаднику Гюргию Иванковичу — От Матея к Гюргию (о юридических и финансовых делах)
Неревский,223,(усадьба К),1185.0,1230,1200,1220,,деловые записи,,кон. XII – 1 четв. XIII в. первое 20-летие XIII в.,Долговой список
Неревский,224,(усадьба К),1220.0,1240,1220,1240,,деловые записи,,20-е – 30-е гг. XIII в. -,Фрагмент долгового списка
Неревский,225,(усадьба К),1160.0,1200,1180,1200,,письма,,60-е – 90-е гг. XII в. -,От Торчина к Гюргию (о беличьих шкурках)
Неревский,226,(усадьба К),1160.0,1200,1160,1180,,письма,,60-е – 90-е гг. XII в. -,Письмо к Иванку и Мирошке (с упоминанием полюдья)
Неревский,227,(усадьба Д),1160.0,1200,1160,1180,,письма,,60-е – 90-е гг. [предпочт. не позднее 70-х] XII в. 60-е – 90-е гг. XII в.,Письмо к матери (поручения и советы)
Неревский,228,(усадьба К),1160.0,1200,1160,1180,,деловые записи,,60-е – 90-е гг. XII в. -,Долговой список
Неревский,229,(усадьба К),1280.0,1300,1280,1300,,фрагменты,,80-е - 90-е гг. XIII в. -,Фрагмент неопределенного содержания
Неревский,230,(усадьба К),1175.0,1199,1200,1220,,деловые записи,,посл. четв. XII в. -,Запись о долге Оявелги
Неревский,231,(усадьба К),1160.0,1200,1180,1200,,письма,,60-е – 90-е гг. XII в. предпочт. то же время,От Твердилы к Данил… (денежные поручения)
Неревский,232,(усадьба Е),1130.0,1180,1140,1160,,письма,,сер. 30-х – 70-е гг. XII в. -,Фрагмент письма
Неревский,233,"(мостовая между усадьбами Д, И)",1175.0,1199,1180,1200,,письма,,посл. четв. XII в. -,От Домажира к Нажиру
Неревский,234,(усадьба Е),1130.0,1180,1140,1160,,деловые записи,,сер. 30-х – 70-е гг. XII в. -,Фрагмент долгового списка
Неревский,235,(усадьба Д),1160.0,1180,1160,1180,,письма,,60-е – 70-е гг. XII в. -,От Судиши к Нажиру (жалоба на незаконную конфискацию имущества)
Неревский,236,(усадьба И),1160.0,1180,1160,1180,,фрагменты,,60-е — 70-е гг. XII в. -,Фрагмент неопределенного содержания
Неревский,237,(усадьба И),1160.0,1225,1160,1180,,письма,,60-е гг. XII – 1 четв. XIII в. [предпочт. не позднее 1170-х гг.] -,От Бориса к Станиле и Жир(о)ше: «Вот из-за вас таскают меня …»
Неревский,238,"(мостовая между усадьбами Д, И)",1085.0,1130,1100,1120,,письма,,кон. XI – сер. 10-х гг. XII в. предпочт. первое 20-летие XII в.,Вызов на испытание водой
Неревский,239,"(мостовая между усадьбами И, К)",1130.0,1180,1160,1180,,письма,,"30-е – 70-е гг. XII в. [реально, по-видимому, ближе к концу этого интервала] -",От Жадка и Степана к Гюргию (начало письма)
Неревский,240,(усадьба И),1150.0,1225,1160,1180,,деловые записи,,60-е гг. XII – 1 четв. XIII в. 2 пол. XII в.,Долговой список
Неревский,241,(усадьба И),1085.0,1132,1100,1120,,письма,,кон. XI – 1 треть XII в. -,От Коснятина к Ждану (требование заплатить и угроза)
Неревский,242,(усадьба Е),1420.0,1430,1420,1430,,письма,,20-е гг. XV в. -,От Кощея и испольщиков (просьба дать коней)
Неревский,243,(усадьба Е),1420.0,1430,1420,1430,,письма,,20-е гг. XV в. -,Сообщение Семенка-карела землевладельцу о переходе в его село
Неревский,244,(усадьба И),1380.0,1410,1400,1410,,письма,,80-е гг. XIV – 1400-е гг. [предпочт. не ранее конца XIV в.] -,Фрагмент с просьбой замолвить слово владыке
Неревский,245,(усадьба К),1050.0,1099,1075,1100,,письма,,2 пол. XI в. -,Фрагмент (о сукнах)
Неревский,246,"(мостовая между усадьбами Д, Е)",1020.0,1100,1025,1050,,письма,,сер. 20-х – сер. 90-х гг. [предпочт. до сер. 50-х] XI в. -,От Жировита к Стояну (угроза злостному должнику)
Неревский,247,"(мостовая между усадьбами Д, И)",1020.0,1100,1025,1050,,письма,,сер. 20-х – сер. 90-х гг. [предпочт. до сер. 50-х] XI в. -,Дело о ложном обвинении в грабеже
Неревский,248,(усадьба Е),1360.0,1400,1380,1400,,письма,,80-е – 90-е гг. XIV в. 60-е – 90-е гг. [предпочт. не позднее 70-х] XIV в.,Челобитная карел Кюлолакшского и Кирьяжского погостов Господину Новгороду
Неревский,249,(усадьба Е),1360.0,1400,1380,1400,,письма,,80-е – 90-е гг. XIV в. 60-е – 90-е гг. [предпочт. не позднее 70-х] XIV в.,Челобитная карел Кюлолакшского и Кирьяжского погостов Господину Новгороду
Неревский,251,(усадьба Е),1370.0,1400,1380,1400,,официальные документы,,70-е – 90-е гг. XIV в. -,Фрагмент (судебные дела)
Неревский,252,(усадьба Е),1370.0,1390,1360,1380,,письма,,70-е – нач. 80-х гг. XIV в. -,Фрагмент (жалоба по поводу грабежа)
Неревский,253,(усадьба Е),1370.0,1400,1360,1380,,письма,,70-е – 90-е гг. XIV в. -,Письмо Максима Онцифоровича — От Максима к десятщанам (распоряжение о выдаче зерна)
Неревский,254,(усадьба Е),1340.0,1390,1360,1380,,письма,,40-е – нач. 80-х гг. XIV в. -,Хозяйственные распоряжения Максима Онцифоровича
Неревский,255,(усадьба Е),1340.0,1370,1340,1360,,varia,,40-е — 60-е гг. XIV в. -,Отдельные буквы
Неревский,256,(усадьба Е),1370.0,1390,1360,1380,,официальные документы,,70-е – нач. 80-х гг. XIV в. -,Фрагмент документа с упоминанием кражи
Неревский,257,(усадьба Е),1380.0,1400,1380,1400,,письма,,80-е – 90-е гг. XIV в. -,Деловые поручения
Неревский,258,(усадьба Е),1370.0,1400,1360,1380,,деловые записи,,70-е – 90-е гг. XIV в. -,Записи Максима Онцифоровича — роспись рыбного оброка
Неревский,260,(усадьба Е),1370.0,1390,1360,1380,,письма,,70-е – нач. 80-х гг. XIV в. -,От Сидора к Остафье (о взыскании долгов)
Неревский,267,(усадьба Е),1370.0,1400,1380,1400,,фрагменты делового содержания,,70-е – 90-е гг. XIV в. -,Фрагмент долгового списка
Неревский,268,(усадьба Е),1340.0,1390,1360,1380,,деловые записи,,40-е – нач. 80-х гг. XIV в. -,Фрагмент деловой записи
Неревский,269,(усадьба Е),1340.0,1390,1360,1380,,фрагменты,,40-е – нач. 80-х гг. XIV в. -,Фрагмент неопределенного содержания
Неревский,270,(усадьба Е),1380.0,1400,1380,1400,,письма,,80-е – 90-е гг. XIV в. -,Фрагмент письма к господину
Неревский,271,(усадьба Е),1340.0,1390,1360,1380,,письма,,70-е – нач. 80-х гг. XIV в. 40-е – 70-е гг. [предпочт. не ранее 60-х] XIV в.,От Якова к куму и другу Максиму (Онцифоровичу) (просьба купить овса)
Неревский,272,(усадьба Е),1360.0,1400,1360,1380,,письма,,70-е – нач. 80-х гг. XIV в. 60-е – 90-е гг. XIV в.,От Савлия к Максиму (Онцифоровичу) (требование немедленно прислать коня)
Неревский,273,(усадьба Е),1340.0,1390,1360,1380,,письма,,40-е – нач. 80-х гг. XIV в. -,Начало письма к Юрию и Офоносу Онцифоровичам
Неревский,274,(усадьба Е),1340.0,1390,1360,1380,,письма,,70-е – нач. 80-х гг. XIV в. 40-е – 70-е гг. XIV в.,Расписка о разделе наследства
Неревский,276,(усадьба Е),1370.0,1390,1360,1380,,письма,,70-е – нач. 80-х гг. XIV в. -,От Ондрея с братьями к Василию и Сидору: «Была жалоба перед вами …»
Неревский,277,(усадьба Е),1340.0,1390,1360,1380,,письма,,40-е – нач. 80-х гг. XIV в. -,"Фрагмент письма к женщине с упоминанием Юрия (вероятно, Онцифоровича)"
Неревский,278,(усадьба Е),1370.0,1390,1360,1380,,деловые записи,,70-е – нач. 80-х гг. XIV в. -,Долговой список (по нескольким нас. пунктам Карелии)
Неревский,279,(усадьба Е),1370.0,1390,1360,1380,,письма,,70-е – нач. 80-х гг. XIV в. -,Начало письма «от пашезерцев к сотским»
Неревский,280,(усадьба Е),1370.0,1390,1360,1380,,деловые записи,,70-е – нач. 80-х гг. XIV в. -,Записи Максима Онцифоровича — роспись рыбного оброка
Неревский,281,(усадьба Е),1380.0,1400,1360,1380,,письма,,80-е – 90-е гг. XIV в. -,От Наума и Григория к данщику новгородскому
Неревский,282,(усадьба Е),1000.0,1500,1380,1400,,письма,,70-е – 90-е гг. -,О доставке закупленной соли
Неревский,283,(усадьба Е),1370.0,1390,1360,1380,,письма,,70-е – нач. 80-х гг. XIV в. -,Письмо к брату — просьба вдовы о помощи по хозяйству
Неревский,284,(усадьба Е),1340.0,1370,1340,1360,,письма,,40-е – 60-е гг. XIV в. -,Фрагмент письма господам
Неревский,285,(усадьба Е),1370.0,1390,1360,1380,,фрагменты делового содержания,,70-е – нач. 80-х гг. XIV в. -,Требование возместить ущерб
Неревский,286,(усадьба Е),1310.0,1370,1360,1380,,письма,,10-е – 60-е гг. XIV в. -,От Григория к Дмитру (письмо одного сборщика податей другому — о подтверждении Ореховецкого мира со Швецией и вопросах сбора податей с карел)
Неревский,287,(усадьба Е),1285.0,1349,1300,1320,,учебные тексты,,рубеж XIII-XIV вв. или 1-ая пол. XIV в. -,Начало ряда цифр
Неревский,288,(усадьба Е),1310.0,1340,1320,1340,,деловые записи,,10-е – 30-е гг. XIV в. предпочт. 20-е – 30-е гг. XIV в.,Список товаров
Неревский,289,(усадьба Е),1300.0,1350,1320,1340,,письма,,10-е – 30-е гг. XIV в. первое 40-летие [предпочт. не ранее 20-х гг.] XIV в.,От Дорофея к Осипу с братьями (просьба о помощи в связи с вызовом в суд)
Неревский,290,(усадьба Е),1300.0,1350,1360,1380,,письма,,первое 40-летие XIV в. -,Письмо Максима Онцифоровича — От Максима к Гюргию: «Бей челом батьке …»
Неревский,291,(усадьба Е),1267.0,1299,1280,1300,,фрагменты,,посл. треть XIII в. -,Фрагмент («…земля и вода…»)
Неревский,292,(усадьба Е),1233.0,1266,1240,1260,,литературные и фольклорные тексты,,2 треть XIII в. -,Заговор на карельском языке
Неревский,293,(усадьба Е),1233.0,1266,1240,1260,,письма,,2 треть XIII в. -,От попа к Завиду (денежные дела)
Неревский,294,(усадьба Е),1220.0,1270,1240,1260,,фрагменты,,20-е – 60-е гг. XIII в. -,Фрагмент неопределенного содержания
Неревский,295,(усадьба Е),1220.0,1240,1220,1240,,письма,,20-е – 30-е гг. XIII в. -,Фрагмент письма к сборщикам платежей
Неревский,296,(усадьба Е),1160.0,1200,1180,1200,,письма,,посл. четв. XII в. 60-е – 90-е гг. XII в.,О намерении уйти в паломничество
Неревский,297,(усадьба И),1420.0,1450,1420,1430,,письма,,20-е – сер. 40-х гг. XV в. -,От Сергия и его братьев к Михаилу Юрьевичу (о краже ржи)
Неревский,298,(усадьба И-1),1430.0,1450,1430,1450,,деловые записи,,30-е – сер. 40-х гг. XV в. -,Список вызываемых свидетелей
Неревский,299,(усадьба И),1430.0,1450,1430,1450,,деловые записи,,30-е – сер. 40-х гг. XV в. -,Фрагмент долгового списка
Неревский,300,(усадьба И),1420.0,1450,1420,1430,,письма,,кон. 20-х – сер. 40-х гг. XV в. -,От Тереха и Тимошки к Михаилу Юрьевичу (о переезде в другой дом)
Неревский,301,(усадьба И),1420.0,1450,1420,1430,,письма,,20-е – сер. 40-х гг. XV в. -,От «парубка» Кли к сыну посадничьему Михаилу Юрьевичу (просьба об уменьшении податей)
Неревский,302,(усадьба И),1420.0,1450,1420,1430,,письма,,20-е – сер. 40-х гг. XV в. -,Просьба не допустить выдачи бессудной грамоты (с упоминанием посадника Якова Федоровича)
Неревский,303,(усадьба И),1420.0,1450,1420,1430,,письма,,20-е – сер. 40-х гг. XV в. -,От Ондреяна Михайловича к Пучне
Неревский,304,(усадьба И),1420.0,1430,1420,1430,,письма,,20-е гг. XV в. -,Фрагмент письма к господам
Неревский,305,(усадьба И),1385.0,1430,1400,1410,,письма,,кон. XIV – нач. 20-х гг. XV в.; предпочт. нач. XV в.,Фрагмент письма к господину (дело о краденом коне)
Неревский,306,(усадьба И),1420.0,1450,1420,1430,,письма,,20-е – сер. 40-х гг. XV в. -,Челобитная Михаилу Юрьевичу (фрагмент)
Неревский,307,(усадьба И),1420.0,1450,1420,1430,,письма,,20-е – сер. 40-х гг. XV в. -,"От крестьян-избоищан к Ондреяну Михайловичу, Миките Михайловичу и Настасье, Михайловой жене (о появлении в волости фальшивых повесток и завещаний)"
Неревский,308,(усадьба И),1410.0,1430,1410,1420,,письма,,10-е – 20-е гг. XV в. -,Фрагмент челобитной Михаилу Юрьевичу от «паробня» Зеновия
Неревский,309,(усадьба И),1410.0,1430,1410,1420,,ярлычки,,10-е – 20-е гг. XV в. -,"Возможно, ярлычок при челобитной"
Неревский,310,(усадьба И),1385.0,1430,1400,1410,,письма,,кон. XIV – нач. 20-х гг. XV в. предпочт. 1400-е гг.,Челобитная посаднику Андрею Ивановичу — От ключника Вавулы и от крестьян Захарки и Нестерка к посаднику новгородскому Ондрею Ивановичу (о переходе крестьян на новое место)
Неревский,311,(усадьба И),1385.0,1410,1400,1410,,письма,,кон. XIV в. – 1400-е гг. -,От крестьян-черенщан к Михаилу Юрьевичу (протест против передачи деревеньки Климцу Опарину)
Неревский,312,(усадьба И-1),1410.0,1430,1410,1420,,письма,,10-е – нач. 20-х гг. XV в. -,Фрагмент сообщения
Неревский,313,(усадьба И),1385.0,1430,1410,1420,,письма,,кон. XIV – нач. 20-х гг. XV в. -,Челобитная Михаилу Юрьевичу (фрагмент)
Неревский,314,(усадьба И),1370.0,1410,1380,1400,,письма,,70-е – 90-е гг. XIV в. 1380-е – 1400 гг. [предпочт. не позднее конца XIV в.],От Олоферья к Олександру (о согнанном со своего участка Микифоре)
Неревский,315,(усадьба И-1),1370.0,1430,1380,1400,,фрагменты,,70-е гг. XIV в. — нач. 20-х гг. XV в. -,Фрагмент с упоминанием Григория
Неревский,316,(усадьба И),1370.0,1380,1360,1380,,деловые записи,,70-е гг. XIV в. -,Фрагмент деловой записи
Неревский,317,(усадьба И),1340.0,1370,1340,1360,,церковные тексты,,40-е – 60-е гг. XIV в. -,Фрагмент церковного увещания или проповеди
Неревский,318,(усадьба И-1),1340.0,1370,1340,1360,,официальные документы,,40-е – 60-е гг. XIV в. 40-е – 50-е гг. XIV в.,Купчая Михала на ряд деревень
Неревский,319,(усадьба И),1300.0,1320,1300,1320,,ярлычки,,1300-е – нач. 1310-х гг. -,Ярлычок («Еванове попове»)
Неревский,321,(усадьба И),1310.0,1370,1340,1360,,письма,,10-е – 60-е гг. XIV в. -,Фрагмент письма
Неревский,322,(усадьба И),1280.0,1330,1300,1320,,деловые записи,,1280-е – нач. 1310-х гг. [предпочт. не ранее 1300-х] первое 20-летие XIV в.,Фрагмент списка крестьянских повинностей
Неревский,323,(усадьба И),1267.0,1299,1280,1300,,ярлычки,,посл. треть XIII в. -,Ярлычок («Марии черницы»)
Неревский,324,(усадьба И),1300.0,1340,1320,1340,,фрагменты делового содержания,,1300-е – 1330-е гг. -,Фрагмент с упоминанием Княжострова
Неревский,325,(усадьба Д),1300.0,1370,1320,1340,,деловые записи,,1300-е – 1360-е гг. -,«Ортемий берет недоборный»
Неревский,326,(усадьба И),1300.0,1340,1320,1340,,деловые записи,,1300-е – 1330-е гг. -,Фрагмент долгового списка
Неревский,327,(усадьба И),1300.0,1340,1320,1340,,varia,,1300-е – 1330-е гг. -,Бессмысленный набор букв
Неревский,328,(усадьба И),1280.0,1330,1300,1320,,письма,,1280-е – нач. 1310-х гг. первое 20-летие XIV в.,Письмо от Евфимьи Передьславе
Неревский,329,(усадьба И),1280.0,1320,1280,1300,,церковные тексты,,1280-е – нач. 1310-х гг. -,"«Господи, помози рабу своему»"
Неревский,330,(усадьба И),1267.0,1299,1260,1280,,учебные тексты // церковные тексты // литературные и фольклорные тексты,,посл. треть [предпочт. посл. 20-летие] XIII в. -,"Начало азбуки // «Господи, помози рабу своему» // Запись обсценного содержания"
Неревский,331,(усадьба И),1233.0,1266,1240,1260,,церковные тексты,,"вероятно, 2 треть XIII в. 40-е – 50-е гг. XIII в.",Грамота мальчика Онфима: фрагменты литургических текстов
Неревский,332,(усадьба И),1120.0,1240,1180,1200,,письма,,кон. XII – 30-е гг. XIII в. внешняя сторона : предпочт. 60-е — 70-е гг. XII в.; внутренняя сторона : 1120-е — 1210-е гг. [предпочт. сер. — 2 пол. XII в.],Фрагмент письма с требованием прислать денег и угрозой конфисковать товар // От Кюрьяка к Вышене (указания в связи с возможным походом)
Неревский,333,(усадьба И),1185.0,1199,1220,1240,,фрагменты,,кон. XII в. -,Фрагмент с упоминанием Хотена и Несды
Неревский,334,(усадьба И),1185.0,1240,1220,1240,,письма,,кон. XII – 30-е гг. XIII в. -,От Мирослава к Ратмиру (денежные дела)
Неревский,335,(усадьба Д),1160.0,1180,1160,1180,,письма,,60-е – 70-е гг. XII в. 60-е – 70-е гг. XII в.,Заказ на золотые колтки и шлем
Неревский,336,(усадьба Д),1100.0,1150,1120,1140,,письма,,сер. 10-х – сер. 30-х гг. XII в. предпочт. первое 40-летие XII в.,Грамота с упоминанием Рожнета — От Петра к Волчку (о денежных делах)
Неревский,338,"(мостовая между усадьбами И, К)",1100.0,1150,1140,1160,,деловые записи,,"вероятно, первое 40-летие XII в. -",Фрагмент деловой записи
Неревский,340,(усадьба Д),1370.0,1380,1360,1380,,письма,,70-е гг. XIV в. -,Начало письма
Неревский,342,(усадьба Д),1310.0,1340,1320,1340,,учебные тексты,,10-е – 30-е гг. XIV в. -,Цифры натурального ряда
Неревский,343,(усадьба Д),1267.0,1299,1280,1300,,деловые записи,,посл. треть XIII в. не позднее конца XIII в.,Фрагмент (список свидетелей)
Неревский,344,(усадьба Д),1260.0,1320,1300,1320,,письма,,1280-е – нач. 1310-х гг. [предпочт. не ранее 1300-х] 1260-е – 1290-е,От Петра к его брату Кузьме (деловое указание)
Неревский,345,(усадьба Д),1340.0,1370,1340,1360,,письма,,40-е – 60-е гг. XIV в. -,Упрек в непослушании и угроза
Неревский,346,(усадьба Д),1280.0,1310,1280,1300,,письма,,80-е гг. XIII в. – 1300-е гг. [предпочт. не позднее конца XIII в.] -,От Микифора к тетке (просьба заставить Ратмира рассчитаться)
Неревский,347,(усадьба Д),1260.0,1280,1260,1280,,письма,,кон. 60-х – 70-е гг. XIII в. -,Фрагмент недописанной грамоты с угрозой прислать ябетника
Неревский,348,(усадьба Д),1240.0,1280,1260,1280,,деловые записи,,40-е – 70-е гг. [предпочт. не ранее конца 60-х] XIII в. 60-е – 70-е гг. XIII в.,Долговой список
Неревский,349,(усадьба Д),1260.0,1280,1260,1280,,деловые записи,,кон. 60-х – 70-е гг. XIII в. не позднее 70-х гг. XIII в.,Список расходов
Неревский,350,(усадьба Д),1233.0,1266,1240,1260,,письма,,2 треть XIII в. -,"От Степана и от матери к Полюду: «Пришли ржи, продавши коня»"
Неревский,351,(усадьба Д),1260.0,1280,1260,1280,,письма,,кон. 60-х – 70-е гг. XIII в. -,"Сообщение Степану о том, что весь товар цел"
Неревский,352,(усадьба И),1420.0,1430,1420,1430,,письма,,"20-е гг. XV в., -",Письмо сыну посадника Александра Игнатьевича и управляющему Мосюку (о ходе обмолота)
Неревский,353,(усадьба И),1380.0,1410,1380,1400,,письма,,80-е гг. XIV в. — 1400-е гг. -,Просьба дать вдовьим детям коней и семена
Неревский,354,(усадьба И),1340.0,1380,1340,1360,,письма,,40-е – 70-е гг. XIV в. -,Письмо посадника Онцифора Лукинича — От Онсифора к матери (хозяйственные распоряжения)
Неревский,358,(усадьба Д),1310.0,1370,1340,1360,,письма,,10-е – 60-е гг. XIV в. -,Письмо посадника Онцифора Лукинича — От Онсифора к матери (хозяйственные распоряжения)
Неревский,359,(усадьба И-1),1380.0,1430,1400,1410,,письма,,кон. XIV – нач. 20-х гг. XV в. предпочт. 1380-е – 1400-е гг.,От Парфения к игумену (сообщение о самоуправстве Василька)
Неревский,360,(усадьба Д),1220.0,1240,1220,1240,,фрагменты,,20-е - 30-е гг. XIII в. -,Фрагмент неопределенного содержания
Неревский,361,(усадьба И-1),1320.0,1410,1380,1400,,письма,,кон. XIV в. – 1400-е гг. предпочт. посл. 20-летие XIV в.,Челобитная от шижнян и братиловичей к Якову
Неревский,362,(усадьба И),1380.0,1410,1380,1400,,письма,,1380-е – 1400-е гг. -,От Ондрика к Юрию Онцифоровичу (сообщение о посылке тысячи сущика)
Неревский,363,(усадьба И),1320.0,1410,1380,1400,,письма,,1380-е – 1400-е гг. предпочт. посл. 20-летие XIV в.,От Семена к невестке (хозяйственные распоряжения)
Неревский,364,(усадьба И),1320.0,1410,1380,1400,,письма,,1380-е – 1400-е гг. предпочт. посл. 20-летие XIV в.,От Семена к Сидору (просьба продать ржи)
Неревский,365,(усадьба И),1340.0,1390,1360,1380,,фрагменты делового содержания,,40-е – нач. 80-х гг. XIV в. -,Фрагмент с упоминанием Обдорской земли
Неревский,366,(усадьба И-1),1340.0,1380,1360,1380,,письма,,40-е – 70-е гг. XIV в. 60-е – 70-е гг. XIV в.,Документ о расчете Якова с Гюргием и Харитоном по бессудной грамоте
Неревский,367,(усадьба И),1370.0,1410,1380,1400,,фрагменты,,1370-е – 1400-е гг. -,Фрагмент с упоминанием опознавательного знака
Неревский,368,(усадьба И),1370.0,1400,1360,1380,,официальные документы,,70-е – 90-е гг. XIV в. -,Фрагмент официального документа
Неревский,369,(усадьба И),1350.0,1399,1360,1380,,официальные документы,,2 пол. XIV в. -,Фрагмент завещания
Неревский,370,(усадьба И-2),1340.0,1390,1360,1380,,письма,,70-е – нач. 80-х гг. XIV в. предпочт. 40-е – 70-е гг. XIV в.,«От всех крестьян» к Юрию и Максиму (Онцифоровичам) (жалоба на ключника)
Неревский,371,(усадьба И),1310.0,1370,1340,1360,,varia,,10-е — 60-е гг. XIV в. -,Бессмысленный набор букв
Неревский,372,"(мостовая между усадьбами Д, И)",1370.0,1390,1360,1380,,письма,,70-е – нач. 80-х гг. XIV в. -,Фрагмент письма к господину
Неревский,373,(усадьба И),1410.0,1430,1410,1420,,письма,,10-е – 20-е гг. XV в. -,Фрагмент письма о конфликте
Неревский,376,(усадьба И-1),1285.0,1340,1280,1300,,varia,,рубеж XIII-XIV вв. — 30-е гг. XIV в. -,Надписи при рисунке
Неревский,377,(усадьба И),1267.0,1299,1280,1300,,письма,,посл. треть XIII в. -,От Микиты к Малании (брачное предложение)
Неревский,378,(усадьба Е),1260.0,1280,1260,1280,,ярлычки,,кон. 60-х – 70-е гг. XIII в. -,Запись имен и прозвищ
Неревский,379,(усадьба И),1160.0,1200,1160,1180,,письма,,60-е – 90-е гг. XII в. -,Фрагмент письма к Тугораду и к Кволине (?)
Неревский,380,(усадьба И-1),1130.0,1180,1140,1160,,письма,,сер. 30-х – 70-е гг. XII в. 1 – 3 четв. [предпочт. первое 40-летие] XII в.,От Гостяты (?) к Яже
Неревский,385,(усадьба Д),1340.0,1410,1360,1380,,письма,,1380-е – 1400-е гг. 40-е – 50-е гг. XIV в.,К посаднику Онсифору (просьба позаботиться о позовной грамоте)
Неревский,386,(усадьба Д),1340.0,1390,1360,1380,,фрагменты,,40-е – нач. 80-х гг. XIV в. -,Фрагмент письма
Неревский,387,(усадьба Д),1340.0,1390,1340,1360,,фрагменты,,40-е – нач. 80-х гг. XIV в. -,Фрагмент документа с упоминанием Остафьи и бесчестья
Неревский,388,(усадьба Д),1340.0,1370,1340,1360,,церковные тексты,,40-е – 60-е гг. XIV в. -,Перечень имен святых
Неревский,389,(усадьба Д),1300.0,1360,1320,1340,,письма,,1300-е –1330-е гг. 1320-е –1350-е [предпочт. не позднее 1330-х],Письмо Луки Варфоломеевича — От Луки к Марфе (о денежных делах)
Неревский,390,(усадьба Д),1267.0,1299,1280,1300,,деловые записи,,посл. треть XIII в. не позднее конца XIII в.,Запись о границах земельных владений
Неревский,391,(усадьба Д),1240.0,1325,1280,1300,,письма,,посл. треть XIII в. сер. XIII – 1 четв. XIV в. [предпочт. не ранее 60-х гг. XIII в.],Письмо посадника Варфоломея Юрьевича — От Олфоромея к Доманцу и другим (об устройстве подсеки)
Неревский,392,(усадьба Д),1267.0,1299,1280,1300,,деловые записи,,посл. треть XIII в. -,Фрагмент (денежные дела)
Неревский,393,(усадьба Д),1267.0,1299,1280,1300,,деловые записи,,посл. треть XIII в. -,Фрагмент списка с упоминанием Кузьмы
Неревский,394,(усадьба Д),1267.0,1299,1280,1300,,письма,,посл. треть XIII в. не позднее конца XIII в.,Фрагмент письма
Неревский,395,(усадьба Д),1240.0,1280,1260,1280,,письма,,40-е – 70-е гг. [предпочт. не ранее кон. 60-х] XIII в. -,Письмо от Григория к матери
Неревский,396,(усадьба Д),1230.0,1270,1240,1260,,varia,,30-е — 60-е гг. XIII в. -,Имитация письма
Неревский,397,(усадьба Д),1185.0,1240,1180,1200,,ярлычки,,кон. XII – 30-е гг. XIII в. -,«Къснятиня грамата»
Неревский,398,(усадьба Д),1267.0,1299,1280,1300,,письма,,посл. треть XIII в. не позднее конца XIII в.,Фрагмент письма
Неревский,399,(усадьба Д),1190.0,1200,1200,1220,,varia,,90-е гг. XII в. -,Имитация письма
Неревский,400,(усадьба Д),1160.0,1200,1180,1200,,письма,,60-е – 90-е гг. XII в. -,"Фрагмент коллективного письма от Тугоши, Воюты и Кузьмы к женщине"
Неревский,401,(усадьба Д),1370.0,1400,1380,1400,,varia,,70-е — 90-е гг. XIV в. -,Имитация письма
Неревский,405,(усадьба Б),1000.0,1500,1180,1200,,фрагменты,,- -,Фрагмент неопределенного содержания
Неревский,407,(усадьба Д),1240.0,1280,1280,1300,,фрагменты,,40-е – 70-е гг. [предпочт. не ранее кон. 60-х] XIII в. -,Фрагмент неопределенного содержания
Неревский,408,(усадьба Д),1267.0,1299,1280,1300,,письма,,посл. треть XIII в. (уточн.) -,Фрагмент письма к сборщикам долгов
Неревский,409,(усадьба Д),1267.0,1299,1280,1300,,деловые записи,,посл. треть XIII в. не позднее конца XIII в.,Долговой список
Неревский,410,(усадьба Д),1267.0,1299,1280,1300,,деловые записи,,посл. треть XIII в. не позднее конца XIII в.,Долговой список
Неревский,411,(усадьба Д),1280.0,1300,1280,1300,,письма,,80-е – 90-е гг. XIII в. 80-е – 90-е гг. XIII в.,От …ора к Оксенье (указания по поводу поимки беглого холопа)
Неревский,412,(усадьба Д),1240.0,1280,1260,1280,,письма,,40-е – 70-е гг. [предпочт. не ранее кон. 60-х] XIII в. XIII в. [предпочт. 40-е – 70-е гг.],От Лихочи к Микифору (указания по поводу ржи)
Неревский,135,И,1320.0,1399,1380,1400,,письма,,нет посл. 20-летие XIV в.,От Иева к Василию Игнатьеву (сообщение о казни Васильева слуги)
Неревский,136,И,1375.0,1399,1360,1380,,письма,,нет 2–4 четв. [предпочт. 40-е – 70-е гг.] XIV в.,Договор Мысловых детей с неназванным феодалом об уплате натурального оброка
Неревский,374,К,1400.0,1449,1420,1430,,письма,,нет 1 пол. XV в.,Сообщение о ситуации на таможне и требование решить вопрос о конях
Неревский,381,К,1140.0,1180,1160,1180,,письма,,нет 40-е – 70-е гг. [предпочт. не ранее 60-х] XII в.,От Игната к Климяте (просьба купить женскую шубу)
Неревский,382,К,1000.0,1500,1380,1400,,фрагменты,,нет -,Фрагмент с упоминанием штрафа за увечье
Неревский,403,К,1000.0,1500,1360,1380,,учебные тексты,,нет -,Долговой список и русско-карельский словарик
Неревский,404,К,1200.0,1299,1220,1240,,письма,,нет XIII в. [предпочт. 20-е – 30-е гг.],От Михаля к отцу (указания в связи с возможным походом)
